title,company,location,link
REMOTE Techlead / Principal Engineer Node.js @Global Culture Platform (m/f/x),"AVANTGARDE - ""Creating Fans""",No office location,https://stackoverflow.com/jobs?id=538107&q=node
Senior Backend Developer - Node (Remote),Bitfinex,No office location,https://stackoverflow.com/jobs?id=556300&q=node
Full Stack Engineer (Node.js),Goodgame Studios,"Hamburg, Deutschland",https://stackoverflow.com/jobs?id=554529&q=node
"full-stack web developer (node.js, typescript)",code d'azur,"Amsterdam, Netherlands",https://stackoverflow.com/jobs?id=522428&q=node
Sr. Software Engineer (Node.JS or Java),Genesys,No office location,https://stackoverflow.com/jobs?id=552042&q=node
"Senior Software Engineer – AWS, NodeJS, Serverless",LifeOmic,"Indianapolis, IN",https://stackoverflow.com/jobs?id=519002&q=node
Senior Web Developer - Node/ReactJS,komoot,No office location,https://stackoverflow.com/jobs?id=560720&q=node
Javascript Developer (React.js/Node.js),Imaginary Cloud,No office location,https://stackoverflow.com/jobs?id=565719&q=node
Full-Stack Javascript Developer (Node.js / React / Next.js),OOZOU,No office location,https://stackoverflow.com/jobs?id=565669&q=node
(Senior) Backend Developer - node.js (Jede*r),tarent solutions GmbH,"Bonn, Deutschland",https://stackoverflow.com/jobs?id=538095&q=node
Node.js Developer (Remote),Soshace LLC,No office location,https://stackoverflow.com/jobs?id=561826&q=node
"Developer - JAVA, NodeJS",SAP,"Bengaluru, India",https://stackoverflow.com/jobs?id=552487&q=node
R&D NodeJS Developer (F/H/X),Klaxoon,"Rennes, France",https://stackoverflow.com/jobs?id=565682&q=node
UK-Based Remote Full Stack Web Developer (Angular / NodeJS / AWS),WUSTL International,No office location,https://stackoverflow.com/jobs?id=518475&q=node
Node.js Engineer,Wallbox Chargers SL,"Barcelona, Spain",https://stackoverflow.com/jobs?id=529741&q=node
Backend Developer (Node.js),RBW ConsultingviaRBW Consulting,"Boston, MA",https://stackoverflow.com/jobs?id=565674&q=node
Node.js Developer (Remote),X-Team,No office location,https://stackoverflow.com/jobs?id=534451&q=node
Full-Stack Developer (React & Node.js),Seven Peaks Software,"Khwaeng Khlong Toei, Thailand",https://stackoverflow.com/jobs?id=474102&q=node
Senior Full-Stack Engineer with Node.js - Tradeshift Go,Tradeshift,"Bucharest, Romania",https://stackoverflow.com/jobs?id=526924&q=node
"Senior Typescript Engineer (React, Node.js)",e-bot7 GmbH,"Munich, Germany",https://stackoverflow.com/jobs?id=551751&q=node
Full-Stack Software Engineer (React/Node - Integrations/API),Articulate Inc.,No office location,https://stackoverflow.com/jobs?id=504249&q=node
Developer Node.js (m/w/d),Peek & Cloppenburg,"Düsseldorf, Germany",https://stackoverflow.com/jobs?id=565673&q=node
"Full-Stack Developer (JavaScript, Node.JS) - REMOTE",MUFG,No office location,https://stackoverflow.com/jobs?id=559442&q=node
Back-End Developer (i.e. Node.js),Imaginary Cloud,No office location,https://stackoverflow.com/jobs?id=565681&q=node
"NodeJS Engineer - NYC (or Seattle, LA)",econify,"New York, NY",https://stackoverflow.com/jobs?id=283490&q=node
